id,link
1, https://nomnom-files.pandaexpress.com/global/assets/modifiers/Chicken_OrangeChicken.png
2, https://nomnom-files.pandaexpress.com/global/assets/modifiers/Seafood_HoneyWalnutShrimp.png
3, https://nomnom-files.pandaexpress.com/global/assets/modifiers/Chicken_GrilledTeriyakiChicken.png
4, https://nomnom-files.pandaexpress.com/global/assets/modifiers/Beef_BroccoliBeef.png
5, https://nomnom-files.pandaexpress.com/global/assets/modifiers/Beef_BeijingBeef.png
6, https://nomnom-files.pandaexpress.com/global/assets/modifiers/Hot+Bourbon+Chicken_5_24_OLO_2.png
7, https://nomnom-files.pandaexpress.com/global/assets/modifiers/Beef_ShanghaiAngusSteak.png
8, https://nomnom-files.pandaexpress.com/global/assets/modifiers/ChickenBreast_HoneySesameChickenBreast.png
9, https://nomnom-files.pandaexpress.com/global/assets/modifiers/Chicken_MushroomChicken.png
10, https://nomnom-files.pandaexpress.com/global/assets/modifiers/ChickenBreast_SweetFireChickenBreast.png
11, https://nomnom-files.pandaexpress.com/global/assets/modifiers/ChickenBreast_StringBeanChickenBreast.png
12, https://nomnom-files.pandaexpress.com/global/assets/modifiers/Chicken_BlackPepperChicken.png
13, https://nomnom-files.pandaexpress.com/global/assets/modifiers/Vegetables_SuperGreens.png
14, https://nomnom-files.pandaexpress.com/global/assets/modifiers/Sides_ChowMein.png
15, https://nomnom-files.pandaexpress.com/global/assets/modifiers/Sides_FriedRice.png
16, https://nomnom-files.pandaexpress.com/global/assets/modifiers/Sides_WhiteSteamedRice.png
